%IncMSE,IncNodePurity
0.00815707087668753,2.5271476383876
0.0627016551259036,4.62279055737572
