%IncMSE,IncNodePurity
0.00844968397455815,1.115018420856
0.0985968755007788,6.23437171060416
