%IncMSE,IncNodePurity
0.0101452853017406,2.4110913819581
0.0295752066023083,3.29206443038082
