%IncMSE,IncNodePurity
0.0146364117574912,2.59080359588462
0.0481380532915109,3.77729503987637
