%IncMSE,IncNodePurity
0.0183471070653662,4.23722057063215
0.118990875886282,8.50265651652582
