%IncMSE,IncNodePurity
0.0215702685994696,3.29712522042568
0.0942143372593389,6.35687076722451
