%IncMSE,IncNodePurity
0.0285186339365996,4.3040504153381
0.0432486195144815,4.84424311723261
