Region,MMK
ATO1,-4.88146451298483
ATO3,-3.39844397836599
