Region,MMK
ATO1,-2.13236771150266
ATO3,-3.52977645988163
