%IncMSE,IncNodePurity
0.000211444448681695,0.790645287562232
0.117979916382415,7.32646210189393
