%IncMSE,IncNodePurity
0.0198934598849563,2.55016071780704
0.0536911631047008,3.85858129877164
