%IncMSE,IncNodePurity
0.0173046510207309,2.64193560616607
0.043250051043464,4.19488399954827
